[{"ID": 1,  "FRASE": "玉は包むように寄せよ"},
 {"ID": 2,  "FRASE": "王手は追う手"},
 {"ID": 3,  "FRASE": "玉は下段に落とせ"},
 {"ID": 4,  "FRASE": "中段玉は寄せにくし"},
 {"ID": 5,  "FRASE": "桂頭の玉寄せにくし"},
 {"ID": 6,  "FRASE": "玉の腹から銀を打て"},
 {"ID": 7,  "FRASE": "端玉には端歩"},
 {"ID": 8,  "FRASE": "玉の早逃げ八手の得"},
 {"ID": 9,  "FRASE": "居玉はさけよ"},
 {"ID": 10, "FRASE": "初王手目の薬"},
 {"ID": 11, "FRASE": "飛車は十字に使え"},
 {"ID": 12, "FRASE": "飛車先の歩交換三つの得あり"},
 {"ID": 13, "FRASE": "二枚飛車に追われる夢を見た"},
 {"ID": 14, "FRASE": "王飛車接近すべからず"},
 {"ID": 15, "FRASE": "目から火の出る王手飛車"},
 {"ID": 16, "FRASE": "王より飛車をかわいがり"},
 {"ID": 17, "FRASE": "竜は敵陣に馬は自陣に"},
 {"ID": 18, "FRASE": "馬の守りは金銀三枚"},
 {"ID": 19, "FRASE": "大駒は離して打て"},
 {"ID": 20, "FRASE": "大駒は近づけて受けよ"},
 {"ID": 21, "FRASE": "序盤は飛車より角"},
 {"ID": 22, "FRASE": "遠見の角に好手あり"},
 {"ID": 23, "FRASE": "角筋は受けにくし"},
 {"ID": 24, "FRASE": "角換わり将棋に５筋は突くな"},
 {"ID": 25, "FRASE": "振り飛車には角交換"},
 {"ID": 26, "FRASE": "攻めは飛角銀桂守りは金銀三枚"},
 {"ID": 27, "FRASE": "金底の歩岩より固し"},
 {"ID": 28, "FRASE": "金は引く手に好手あり"},
 {"ID": 29, "FRASE": "金はななめに誘え"},
 {"ID": 30, "FRASE": "要の金をねらえ"},
 {"ID": 31, "FRASE": "金なし将棋に受け手なし"},
 {"ID": 32, "FRASE": "金はとどめに残せ"},
 {"ID": 33, "FRASE": "一段金に飛車捨てあり"},
 {"ID": 34, "FRASE": "攻めは銀、受けは金"},
 {"ID": 35, "FRASE": "銀は千鳥に使え"},
 {"ID": 36, "FRASE": "桂頭の銀定跡なり"},
 {"ID": 37, "FRASE": "銀は成らずに好手あり"},
 {"ID": 38, "FRASE": "歩越銀には歩で受けよ"},
 {"ID": 39, "FRASE": "銀が泣いている"},
 {"ID": 40, "FRASE": "桂の高跳び歩のえじき"},
 {"ID": 41, "FRASE": "三桂あって詰まぬ事なし"},
 {"ID": 42, "FRASE": "桂は控えて打て"},
 {"ID": 43, "FRASE": "香は下段から打て"},
 {"ID": 44, "FRASE": "歩のない将棋は負け将棋"},
 {"ID": 45, "FRASE": "一歩千金"},
 {"ID": 46, "FRASE": "二枚替えなら歩ともせよ"},
 {"ID": 47, "FRASE": "手のない時は端歩を突け"},
 {"ID": 48, "FRASE": "打ち歩詰めに詰みの余地あり"},
 {"ID": 49, "FRASE": "開戦は歩の突き捨てから"},
 {"ID": 50, "FRASE": "三歩持ったら継ぎ歩とたれ歩"},
 {"ID": 51, "FRASE": "横歩三年のわずらい"},
 {"ID": 52, "FRASE": "５三のと金に負けなし"},
 {"ID": 53, "FRASE": "と金のおそはや"},
 {"ID": 54, "FRASE": "まむしのと金"},
 {"ID": 55, "FRASE": "長い詰みより短い必死"},
 {"ID": 56, "FRASE": "終盤は駒の損得より速度"},
 {"ID": 57, "FRASE": "風邪を引いても後手ひくな"},
 {"ID": 58, "FRASE": "寄せは俗手で"},
 {"ID": 59, "FRASE": "逃げ道に捨て駒"},
 {"ID": 60, "FRASE": "敵の打ちたい所に打て"},
 {"ID": 61, "FRASE": "敵の急所は自分の急所"},
 {"ID": 62, "FRASE": "端に手あり"},
 {"ID": 63, "FRASE": "浮き駒に手あり"},
 {"ID": 64, "FRASE": "位を取ったら位の確保"},
 {"ID": 65, "FRASE": "５五の位は天王山"},
 {"ID": 66, "FRASE": "駒は中央へ向かえ"},
 {"ID": 67, "FRASE": "駒が三つぶつかっていれば初段"},
 {"ID": 68, "FRASE": "両取り逃げるべからず"},
 {"ID": 69, "FRASE": "固い攻めてる切れない、勝ち"},
 {"ID": 70, "FRASE": "４枚の攻めは切れない"},
 {"ID": 71, "FRASE": "勝負は時の運"},
 {"ID": 72, "FRASE": "勝ち将棋鬼のごとし"}]
